filename,identity
000096.jpg,4262
000114.jpg,7256
000116.jpg,4887
000131.jpg,7222
000150.jpg,6568
000255.jpg,1634
000724.jpg,7265
000725.jpg,8882
000795.jpg,7294
000817.jpg,1686
000825.jpg,7256
000838.jpg,4887
000867.jpg,1686
001021.jpg,8858
001030.jpg,3847
001053.jpg,7271
001289.jpg,8898
001397.jpg,8932
001473.jpg,8887
001553.jpg,2820
001564.jpg,3845
001603.jpg,8887
001727.jpg,1585
001786.jpg,1757
001941.jpg,7261
001979.jpg,1648
002101.jpg,3853
002253.jpg,3941
002279.jpg,3745
002400.jpg,1700
002429.jpg,7261
002440.jpg,1646
002444.jpg,1648
002558.jpg,2820
002718.jpg,4887
002767.jpg,7260
002872.jpg,3941
003177.jpg,8850
003237.jpg,8891
003240.jpg,3853
003245.jpg,8891
003410.jpg,7271
003510.jpg,8868
003566.jpg,7265
003568.jpg,2820
003646.jpg,4887
003647.jpg,3745
003693.jpg,1672
003838.jpg,1646
004093.jpg,7294
004095.jpg,8933
004142.jpg,3847
004205.jpg,8860
004286.jpg,8858
004365.jpg,3845
004442.jpg,7271
004461.jpg,1686
004573.jpg,1648
004710.jpg,7302
004862.jpg,1686
004955.jpg,1574
005088.jpg,3886
005109.jpg,7260
005150.jpg,3854
005160.jpg,3854
005167.jpg,1639
005265.jpg,2820
005348.jpg,8933
005372.jpg,8875
005503.jpg,3886
005508.jpg,7265
005719.jpg,8932
005881.jpg,1648
005950.jpg,8968
006206.jpg,3854
006340.jpg,8933
006383.jpg,7222
006497.jpg,7228
006540.jpg,8933
006639.jpg,3858
006741.jpg,1574
006745.jpg,7294
006754.jpg,1648
006790.jpg,8898
006829.jpg,3699
006833.jpg,8891
007102.jpg,1581
007324.jpg,1686
007366.jpg,1686
007395.jpg,1634
007529.jpg,3846
007565.jpg,7271
007755.jpg,1686
007770.jpg,4262
007806.jpg,3853
007810.jpg,3858
007824.jpg,1578
007964.jpg,3854
008106.jpg,8891
008172.jpg,3699
008173.jpg,7260
008211.jpg,8933
008235.jpg,2820
008240.jpg,1628
008286.jpg,2820
008388.jpg,3854
008467.jpg,3845
008575.jpg,7222
008868.jpg,7294
009175.jpg,1585
009193.jpg,9152
009205.jpg,1757
009252.jpg,8860
009399.jpg,7256
009404.jpg,3846
009480.jpg,7265
009531.jpg,1686
009642.jpg,8898
009688.jpg,8933
009694.jpg,8858
009795.jpg,4887
009821.jpg,1578
009826.jpg,8856
009865.jpg,7222
010044.jpg,1581
010059.jpg,8856
010068.jpg,1757
010089.jpg,4262
010092.jpg,1757
010202.jpg,3846
010241.jpg,7286
010312.jpg,8858
010450.jpg,3858
010500.jpg,1639
010582.jpg,7222
010594.jpg,7222
010750.jpg,1639
010876.jpg,7286
010958.jpg,1581
010999.jpg,3745
011013.jpg,7302
011187.jpg,3845
011336.jpg,1574
011359.jpg,3858
011504.jpg,3853
011558.jpg,1660
011684.jpg,1578
011760.jpg,7256
011921.jpg,1639
012101.jpg,2820
012221.jpg,3895
012452.jpg,8898
012577.jpg,7256
012657.jpg,1580
012758.jpg,7302
012761.jpg,9152
012896.jpg,8891
012906.jpg,7286
012976.jpg,3847
013002.jpg,1672
013051.jpg,7286
013076.jpg,7294
013176.jpg,7261
013338.jpg,3699
013423.jpg,1639
013490.jpg,1585
013530.jpg,7286
013645.jpg,3745
013678.jpg,1660
013805.jpg,8933
014024.jpg,7260
014094.jpg,8858
014166.jpg,4262
014255.jpg,3886
014311.jpg,3853
014474.jpg,8850
014510.jpg,8887
014538.jpg,1648
014542.jpg,7261
014590.jpg,3886
014595.jpg,7294
014689.jpg,8968
014715.jpg,2820
014728.jpg,6568
014730.jpg,3745
014786.jpg,3699
014790.jpg,7302
014839.jpg,7261
015010.jpg,7261
015269.jpg,8882
015283.jpg,8933
015484.jpg,8887
015487.jpg,1757
015610.jpg,1574
015780.jpg,7271
015918.jpg,1634
015936.jpg,8856
016007.jpg,8856
016146.jpg,1628
016174.jpg,2820
016215.jpg,1581
016384.jpg,8879
016444.jpg,8887
016537.jpg,8854
016575.jpg,3886
016607.jpg,1578
016690.jpg,3745
016716.jpg,7260
016798.jpg,7228
016863.jpg,3882
016952.jpg,8882
016984.jpg,1686
016992.jpg,8968
017075.jpg,8858
017098.jpg,7265
017153.jpg,7261
017173.jpg,8860
017240.jpg,8858
017285.jpg,1581
017430.jpg,7222
017805.jpg,3886
017815.jpg,7260
017820.jpg,3699
017842.jpg,1580
017848.jpg,8932
018144.jpg,2820
018191.jpg,7260
018224.jpg,8887
018376.jpg,1585
018453.jpg,8860
018502.jpg,7271
018575.jpg,1700
018583.jpg,4887
018639.jpg,3882
018888.jpg,4262
018902.jpg,3895
018909.jpg,2820
019030.jpg,1585
019064.jpg,3699
019250.jpg,3699
019277.jpg,3853
019352.jpg,3886
019370.jpg,8856
019686.jpg,7222
019706.jpg,3941
020059.jpg,3941
020262.jpg,3847
020270.jpg,1646
020273.jpg,3846
020415.jpg,7271
020463.jpg,7286
020505.jpg,3882
020603.jpg,6568
020713.jpg,8882
020744.jpg,1574
020878.jpg,1578
020892.jpg,1646
020899.jpg,3745
021029.jpg,1580
021208.jpg,7294
021236.jpg,7261
021274.jpg,8868
021316.jpg,8968
021641.jpg,8856
021651.jpg,1672
021655.jpg,8856
021676.jpg,9152
021862.jpg,7222
021878.jpg,4262
022046.jpg,8856
022139.jpg,4262
022205.jpg,8868
022282.jpg,8856
022791.jpg,4262
022794.jpg,8860
022885.jpg,1757
022893.jpg,8875
022967.jpg,7256
023155.jpg,7256
023182.jpg,8896
023246.jpg,8933
023292.jpg,7228
023338.jpg,3886
023381.jpg,1634
023456.jpg,3882
023622.jpg,8858
023695.jpg,1585
023848.jpg,8856
023889.jpg,3853
023891.jpg,8933
024171.jpg,8933
024252.jpg,1581
024284.jpg,3882
024390.jpg,8868
024570.jpg,7228
024694.jpg,1639
024816.jpg,1660
024869.jpg,8875
025019.jpg,1648
025198.jpg,8860
025343.jpg,7265
025370.jpg,8891
025385.jpg,8868
025528.jpg,1686
025670.jpg,4887
025722.jpg,8896
025871.jpg,4262
025873.jpg,8856
025952.jpg,8898
026003.jpg,1646
026052.jpg,8968
026076.jpg,8896
026246.jpg,1686
026286.jpg,1648
026404.jpg,8867
026455.jpg,1578
026575.jpg,3699
026842.jpg,8879
026851.jpg,1634
026895.jpg,4887
027153.jpg,1628
027555.jpg,8867
027584.jpg,8968
027610.jpg,1585
027738.jpg,8896
027803.jpg,3858
027804.jpg,4887
027929.jpg,8887
027950.jpg,8879
027958.jpg,4887
028021.jpg,3882
028117.jpg,7302
028120.jpg,8860
028182.jpg,3941
028216.jpg,8891
028225.jpg,8867
028257.jpg,8854
028295.jpg,1639
028444.jpg,1578
028608.jpg,7228
028690.jpg,2820
028702.jpg,3854
028720.jpg,4887
028757.jpg,3886
028866.jpg,7228
029016.jpg,3941
029070.jpg,8891
029204.jpg,6568
029314.jpg,8896
029368.jpg,1672
029377.jpg,1585
029388.jpg,1585
029420.jpg,1574
029472.jpg,3858
029517.jpg,8932
029666.jpg,3699
029667.jpg,9152
029722.jpg,8879
029772.jpg,7222
029886.jpg,3854
029945.jpg,7286
029964.jpg,1757
029995.jpg,3886
030172.jpg,7228
030238.jpg,7261
030288.jpg,1578
030396.jpg,7222
030416.jpg,3854
030469.jpg,3854
030500.jpg,1581
030643.jpg,8879
030645.jpg,8854
030741.jpg,8968
030846.jpg,8932
030938.jpg,3745
031061.jpg,8860
031079.jpg,7286
031324.jpg,6568
031373.jpg,8850
031435.jpg,1660
031466.jpg,8856
031712.jpg,6568
031876.jpg,4262
031881.jpg,1634
031911.jpg,8968
032177.jpg,7260
032340.jpg,3882
032453.jpg,3858
032457.jpg,8875
032654.jpg,1686
032657.jpg,1686
032664.jpg,8933
032941.jpg,4262
033107.jpg,8896
033179.jpg,1646
033327.jpg,8898
033363.jpg,1581
033367.jpg,7256
033379.jpg,3853
033484.jpg,8896
033539.jpg,1574
033580.jpg,3882
033639.jpg,1700
033654.jpg,8898
033973.jpg,1672
033974.jpg,8860
033999.jpg,8850
034120.jpg,8858
034205.jpg,4262
034216.jpg,4887
034377.jpg,2820
034411.jpg,8887
034527.jpg,8891
034606.jpg,8898
034700.jpg,8896
034769.jpg,2820
034963.jpg,7265
035256.jpg,3895
035299.jpg,7256
035317.jpg,1686
035329.jpg,8856
035358.jpg,1700
035444.jpg,8854
035452.jpg,7294
035726.jpg,8891
035899.jpg,1578
035988.jpg,8875
036072.jpg,1672
036117.jpg,1648
036159.jpg,3845
036426.jpg,8879
036573.jpg,1628
036699.jpg,7294
037007.jpg,9152
037081.jpg,1672
037103.jpg,3845
037216.jpg,7294
037237.jpg,8879
037280.jpg,8932
037404.jpg,3882
037428.jpg,3745
037439.jpg,3854
037649.jpg,1581
037664.jpg,9152
037842.jpg,8854
037947.jpg,1757
038003.jpg,7271
038185.jpg,8875
038292.jpg,7302
038317.jpg,7256
038363.jpg,3854
038667.jpg,7294
038769.jpg,7302
038972.jpg,8932
039124.jpg,1686
039133.jpg,1686
039171.jpg,1578
039378.jpg,1648
039442.jpg,7286
039447.jpg,4262
039490.jpg,9152
039512.jpg,8860
039590.jpg,3941
039628.jpg,7294
039638.jpg,1757
039639.jpg,7286
039733.jpg,3847
039848.jpg,8875
039928.jpg,8932
040083.jpg,1700
040380.jpg,7271
040397.jpg,7265
040421.jpg,7286
040452.jpg,3847
040455.jpg,1628
040479.jpg,8898
040499.jpg,1660
040532.jpg,8860
040637.jpg,7271
040904.jpg,4262
041034.jpg,1646
041084.jpg,4887
041086.jpg,7222
041230.jpg,3858
041608.jpg,8860
041626.jpg,8882
041712.jpg,3853
041804.jpg,7302
041950.jpg,1660
042182.jpg,3845
042309.jpg,1648
042564.jpg,3845
042654.jpg,3886
042713.jpg,3846
042723.jpg,7260
042850.jpg,1700
043004.jpg,7222
043105.jpg,7265
043147.jpg,3847
043158.jpg,8891
043169.jpg,8887
043222.jpg,1578
043374.jpg,8933
043580.jpg,8858
043687.jpg,8932
043698.jpg,1585
043778.jpg,1646
043910.jpg,3699
043929.jpg,1574
043934.jpg,3895
043941.jpg,2820
044044.jpg,4887
044081.jpg,8860
044173.jpg,7260
044280.jpg,3895
044595.jpg,8882
044774.jpg,8858
044872.jpg,7228
044981.jpg,1757
045008.jpg,8898
045138.jpg,3845
045166.jpg,7260
045248.jpg,1581
045344.jpg,2820
045389.jpg,3854
045397.jpg,8896
045405.jpg,7228
045592.jpg,8868
045964.jpg,8868
045980.jpg,1585
045997.jpg,3699
046109.jpg,9152
046215.jpg,3886
046241.jpg,1634
046553.jpg,7261
046583.jpg,1634
046723.jpg,3846
046753.jpg,8887
046866.jpg,3895
046918.jpg,8932
046968.jpg,8891
047132.jpg,8891
047173.jpg,1660
047224.jpg,3882
047228.jpg,1686
047235.jpg,7265
047275.jpg,3846
047276.jpg,8867
047596.jpg,4887
047697.jpg,7286
047778.jpg,1628
047785.jpg,8868
047899.jpg,1672
047935.jpg,1585
047987.jpg,8968
048160.jpg,1648
048288.jpg,8858
048339.jpg,3854
048354.jpg,8856
048733.jpg,8887
048962.jpg,4887
048983.jpg,8850
049113.jpg,1580
049206.jpg,1578
049329.jpg,8858
049447.jpg,4887
049471.jpg,1757
049483.jpg,8868
049519.jpg,9152
049804.jpg,8867
049827.jpg,1578
049854.jpg,1660
049917.jpg,1639
050035.jpg,1700
050146.jpg,8875
050173.jpg,1757
050211.jpg,7302
050365.jpg,1672
050401.jpg,1634
050552.jpg,8860
050675.jpg,6568
050708.jpg,3745
050873.jpg,1574
050894.jpg,8968
051206.jpg,8854
051320.jpg,8875
051421.jpg,3745
051554.jpg,1660
051575.jpg,8968
051662.jpg,8898
051668.jpg,3845
051870.jpg,1574
051885.jpg,8896
052123.jpg,9152
052165.jpg,8854
052235.jpg,1700
052269.jpg,1628
052302.jpg,1634
052364.jpg,1646
052501.jpg,1660
052634.jpg,1672
052640.jpg,3882
052705.jpg,8858
052859.jpg,1700
052893.jpg,1686
052950.jpg,1634
052954.jpg,1628
053054.jpg,7302
053221.jpg,8968
053239.jpg,1757
053316.jpg,1672
053615.jpg,3845
053647.jpg,7228
053685.jpg,1580
053740.jpg,1757
053866.jpg,8933
053920.jpg,1580
054076.jpg,7294
054272.jpg,4887
054312.jpg,3745
054344.jpg,3895
054382.jpg,7256
054472.jpg,1639
054710.jpg,7271
054763.jpg,8932
054786.jpg,1580
054819.jpg,6568
054838.jpg,8867
054876.jpg,8875
054916.jpg,3699
054932.jpg,1700
055057.jpg,3858
055328.jpg,8860
055382.jpg,1581
055530.jpg,1580
055556.jpg,1639
055644.jpg,3846
055904.jpg,8854
056096.jpg,6568
056274.jpg,1660
056357.jpg,8854
056370.jpg,3858
056513.jpg,1757
056539.jpg,3846
056544.jpg,3745
056595.jpg,8858
056764.jpg,2820
056873.jpg,6568
057011.jpg,4887
057034.jpg,7228
057037.jpg,8850
057519.jpg,1639
057533.jpg,8850
057672.jpg,1686
057781.jpg,8856
057924.jpg,1578
058081.jpg,7302
058193.jpg,1757
058237.jpg,7265
058307.jpg,1585
058389.jpg,1646
058466.jpg,1660
058808.jpg,7261
058902.jpg,3745
058934.jpg,1580
059080.jpg,7265
059117.jpg,3745
059172.jpg,1660
059374.jpg,3847
059401.jpg,8879
059519.jpg,4262
059676.jpg,3845
059734.jpg,8875
059935.jpg,9152
059952.jpg,7294
060173.jpg,1672
060247.jpg,3699
060483.jpg,8968
060537.jpg,8879
060580.jpg,8860
061167.jpg,9152
061257.jpg,6568
061357.jpg,7302
061380.jpg,8860
061681.jpg,8860
061682.jpg,3886
061780.jpg,3886
061781.jpg,8860
061848.jpg,7260
061983.jpg,7256
062065.jpg,2820
062136.jpg,1672
062180.jpg,8933
062426.jpg,1634
062566.jpg,1700
062607.jpg,8968
062616.jpg,8887
062631.jpg,3847
062665.jpg,1585
062701.jpg,1700
062783.jpg,8882
062942.jpg,1639
063011.jpg,1660
063121.jpg,3699
063149.jpg,8932
063175.jpg,1580
063180.jpg,3941
063309.jpg,3886
063513.jpg,8867
063832.jpg,7260
063948.jpg,1660
064069.jpg,1585
064103.jpg,8891
064213.jpg,8867
064373.jpg,8875
064494.jpg,3845
064789.jpg,8850
064894.jpg,4262
065026.jpg,1585
065094.jpg,8933
065194.jpg,7222
065229.jpg,3858
065516.jpg,7294
065581.jpg,1757
065780.jpg,7286
065978.jpg,8867
066013.jpg,1578
066034.jpg,3882
066101.jpg,1574
066145.jpg,3886
066281.jpg,8896
066311.jpg,3699
066355.jpg,1578
066679.jpg,1660
066829.jpg,1585
066861.jpg,7228
066924.jpg,3845
066968.jpg,7222
067013.jpg,1646
067150.jpg,7265
067181.jpg,3854
067200.jpg,3699
067266.jpg,1578
067276.jpg,8896
067388.jpg,7294
067445.jpg,2820
067535.jpg,3941
067746.jpg,8891
067959.jpg,8898
068017.jpg,3847
068095.jpg,3846
068231.jpg,3895
068665.jpg,8968
068729.jpg,1580
068741.jpg,3745
068831.jpg,1700
069040.jpg,7294
069101.jpg,8898
069151.jpg,8860
069186.jpg,1648
069208.jpg,7228
069295.jpg,3845
069326.jpg,1672
069431.jpg,1580
069484.jpg,3941
069504.jpg,1639
069521.jpg,3847
069559.jpg,8887
069560.jpg,1574
069589.jpg,3847
069694.jpg,7302
069739.jpg,1580
069752.jpg,3882
069897.jpg,1581
069953.jpg,1581
070209.jpg,7265
070255.jpg,1574
070329.jpg,3847
070382.jpg,1628
070519.jpg,7302
070829.jpg,8879
070881.jpg,7302
071083.jpg,3846
071277.jpg,6568
071285.jpg,8868
071548.jpg,8887
071581.jpg,1700
071626.jpg,1578
071757.jpg,8850
071769.jpg,8875
071774.jpg,8891
071786.jpg,1757
071849.jpg,8858
072136.jpg,1634
072257.jpg,8933
072328.jpg,7222
072403.jpg,7228
072557.jpg,7286
072767.jpg,7286
072850.jpg,7222
072895.jpg,7256
072951.jpg,7260
073042.jpg,3858
073118.jpg,7265
073142.jpg,8968
073458.jpg,7302
073486.jpg,7261
073524.jpg,8882
073533.jpg,7228
073585.jpg,3847
073696.jpg,8867
073823.jpg,1580
073886.jpg,3847
073917.jpg,8933
073992.jpg,8932
074017.jpg,8879
074055.jpg,4887
074141.jpg,8867
074158.jpg,1672
074292.jpg,1574
074446.jpg,7265
074560.jpg,8854
074589.jpg,3941
074656.jpg,3895
074811.jpg,9152
074853.jpg,8933
075010.jpg,1580
075209.jpg,1646
075293.jpg,3854
075295.jpg,1646
075447.jpg,1578
075590.jpg,2820
075592.jpg,3941
075628.jpg,8860
075677.jpg,7228
075705.jpg,8868
075725.jpg,3895
075777.jpg,8891
076008.jpg,1646
076174.jpg,1580
076389.jpg,8867
076480.jpg,8933
076512.jpg,3886
076639.jpg,1648
076793.jpg,8868
076814.jpg,1578
077051.jpg,4887
077140.jpg,8896
077175.jpg,9152
077341.jpg,3853
077362.jpg,3886
077397.jpg,7228
077398.jpg,3895
077405.jpg,3858
077438.jpg,1639
077727.jpg,1634
077778.jpg,7260
077833.jpg,3699
077977.jpg,3745
077981.jpg,3941
078050.jpg,8896
078159.jpg,8887
078198.jpg,8856
078359.jpg,8879
078487.jpg,8875
078646.jpg,1686
078683.jpg,8879
078692.jpg,8887
078776.jpg,9152
078898.jpg,8933
078941.jpg,8854
078971.jpg,8854
079058.jpg,7302
079223.jpg,7271
079252.jpg,1634
079337.jpg,8968
079446.jpg,8854
079457.jpg,1581
079556.jpg,8896
079642.jpg,3895
079729.jpg,8932
079741.jpg,8882
079757.jpg,3845
079776.jpg,7294
079804.jpg,9152
079929.jpg,1581
079948.jpg,1574
080625.jpg,7294
080637.jpg,8867
080638.jpg,3699
080747.jpg,3845
081051.jpg,7271
081313.jpg,1639
081367.jpg,7261
081392.jpg,8868
081405.jpg,3941
081419.jpg,9152
081529.jpg,8850
081558.jpg,2820
081586.jpg,1672
081801.jpg,8891
081817.jpg,1634
081837.jpg,1634
081963.jpg,6568
082044.jpg,3895
082342.jpg,7228
082452.jpg,8868
082512.jpg,1757
082528.jpg,8968
082593.jpg,7222
082711.jpg,1648
082807.jpg,1580
083131.jpg,8858
083171.jpg,1672
083242.jpg,3854
083327.jpg,8875
083352.jpg,8867
083372.jpg,8858
083683.jpg,9152
083734.jpg,7294
083834.jpg,1639
084040.jpg,7294
084075.jpg,3853
084190.jpg,3745
084217.jpg,8868
084220.jpg,3854
084333.jpg,1646
084442.jpg,8896
084561.jpg,7302
084784.jpg,8932
084889.jpg,1585
085014.jpg,1648
085080.jpg,2820
085259.jpg,3941
085301.jpg,1628
085304.jpg,6568
085475.jpg,7265
085609.jpg,8932
085642.jpg,3895
085725.jpg,8887
085829.jpg,7294
085859.jpg,6568
085924.jpg,3853
085987.jpg,8891
086121.jpg,1580
086145.jpg,8968
086316.jpg,7228
086461.jpg,8858
086591.jpg,8887
086596.jpg,8867
086604.jpg,3846
086769.jpg,7302
086780.jpg,4262
086900.jpg,4262
086944.jpg,1757
086949.jpg,8868
087052.jpg,3858
087083.jpg,8850
087233.jpg,1672
087318.jpg,8854
087411.jpg,8850
087753.jpg,8882
087809.jpg,7261
087813.jpg,2820
087820.jpg,7261
087842.jpg,8868
087877.jpg,1686
088118.jpg,9152
088240.jpg,8850
088250.jpg,1581
088512.jpg,7294
088652.jpg,8868
088764.jpg,6568
088853.jpg,7228
088856.jpg,1574
088905.jpg,1634
088956.jpg,3745
088960.jpg,7265
089132.jpg,8891
089167.jpg,8867
089303.jpg,1639
089322.jpg,8882
089426.jpg,7286
089479.jpg,1580
089494.jpg,8932
089511.jpg,1757
089523.jpg,8867
089618.jpg,8887
089654.jpg,7256
089718.jpg,9152
089991.jpg,1757
090091.jpg,7256
090092.jpg,3846
090140.jpg,1646
090212.jpg,1574
090348.jpg,1574
090582.jpg,8932
090598.jpg,1672
090738.jpg,1646
090949.jpg,3882
091116.jpg,3699
091120.jpg,8898
091156.jpg,7265
091211.jpg,3853
091249.jpg,6568
091655.jpg,1580
091857.jpg,8860
091890.jpg,7271
091966.jpg,8850
092080.jpg,1639
092140.jpg,7256
092172.jpg,7261
092254.jpg,8933
092318.jpg,8898
092439.jpg,8882
092495.jpg,8858
092533.jpg,1578
092564.jpg,8879
092627.jpg,7286
092761.jpg,3941
092848.jpg,7265
092890.jpg,3699
092999.jpg,7271
093176.jpg,4262
093177.jpg,9152
093245.jpg,1686
093286.jpg,3847
093326.jpg,7228
093604.jpg,1578
093777.jpg,8875
093871.jpg,1574
094021.jpg,8867
094037.jpg,7271
094142.jpg,3847
094186.jpg,3858
094203.jpg,3845
094209.jpg,1660
094407.jpg,8850
095091.jpg,8879
095125.jpg,7286
095413.jpg,3882
095561.jpg,1672
095565.jpg,9152
095594.jpg,8856
095670.jpg,4262
095750.jpg,1634
095972.jpg,7256
096060.jpg,3699
096105.jpg,1628
096110.jpg,8868
096209.jpg,1757
096223.jpg,8968
096286.jpg,7286
096455.jpg,1628
096522.jpg,7260
096607.jpg,6568
096706.jpg,1574
096804.jpg,3858
097055.jpg,1585
097096.jpg,7256
097281.jpg,3846
097331.jpg,3699
097376.jpg,8875
097468.jpg,2820
097506.jpg,1581
097531.jpg,8882
097536.jpg,1580
097655.jpg,3846
097769.jpg,8850
097988.jpg,8867
098003.jpg,8867
098126.jpg,7260
098156.jpg,8867
098169.jpg,8858
098242.jpg,8932
098264.jpg,1580
098348.jpg,8882
098616.jpg,3846
098664.jpg,1672
098707.jpg,7265
098763.jpg,8856
098819.jpg,1686
099060.jpg,1700
099107.jpg,4262
099146.jpg,1581
099202.jpg,1700
099515.jpg,9152
099556.jpg,8898
099709.jpg,1581
100112.jpg,3895
100329.jpg,3895
100589.jpg,3745
100603.jpg,8968
100628.jpg,8891
100633.jpg,8875
100691.jpg,3845
100706.jpg,7265
100900.jpg,8854
100938.jpg,8968
100982.jpg,7261
101069.jpg,8860
101181.jpg,1660
101377.jpg,1578
101452.jpg,1578
101522.jpg,3847
101530.jpg,3845
101553.jpg,1648
101558.jpg,8879
101605.jpg,1646
101645.jpg,7265
101725.jpg,8887
101750.jpg,1574
101800.jpg,3941
101893.jpg,1574
101936.jpg,1628
101944.jpg,3854
101993.jpg,3858
102089.jpg,1700
102561.jpg,1646
102597.jpg,8882
102613.jpg,1581
102703.jpg,1574
102944.jpg,7302
102964.jpg,8860
103019.jpg,1574
103047.jpg,1648
103416.jpg,8850
103720.jpg,1648
103774.jpg,1628
103786.jpg,8891
103893.jpg,3941
104196.jpg,3745
104754.jpg,6568
104886.jpg,3858
104914.jpg,7222
105001.jpg,7260
105091.jpg,8968
105100.jpg,7228
105131.jpg,3854
105323.jpg,7302
105344.jpg,3699
105390.jpg,8896
105601.jpg,3853
105642.jpg,7261
105811.jpg,7260
105836.jpg,6568
105926.jpg,3847
105985.jpg,3853
106013.jpg,7261
106035.jpg,7261
106223.jpg,1580
106234.jpg,1581
106440.jpg,8875
106612.jpg,7286
106860.jpg,7256
106924.jpg,7294
107044.jpg,3846
107049.jpg,8882
107100.jpg,7228
107142.jpg,8896
107214.jpg,1686
107238.jpg,1628
107289.jpg,8850
107328.jpg,8891
107555.jpg,7256
107579.jpg,1634
107648.jpg,8854
107864.jpg,8867
108213.jpg,1700
108338.jpg,3745
108526.jpg,1581
108546.jpg,1648
108557.jpg,8932
108640.jpg,3858
108683.jpg,8898
108712.jpg,1672
108819.jpg,7222
108924.jpg,8879
108927.jpg,8882
109116.jpg,3882
109157.jpg,3853
109175.jpg,8879
109201.jpg,3699
109261.jpg,3847
109340.jpg,1578
109343.jpg,7260
109431.jpg,1580
109433.jpg,1634
109495.jpg,1648
109639.jpg,3895
109653.jpg,7222
109710.jpg,7302
109754.jpg,8933
109942.jpg,1581
109989.jpg,3895
110110.jpg,8860
110235.jpg,1700
110362.jpg,3854
110382.jpg,3745
110538.jpg,3882
110545.jpg,8896
110566.jpg,3882
110579.jpg,4887
110821.jpg,7271
110887.jpg,8875
111036.jpg,8868
111051.jpg,7271
111278.jpg,7228
111418.jpg,4262
111581.jpg,1700
111644.jpg,3895
111657.jpg,1580
111719.jpg,3699
111854.jpg,7222
111998.jpg,3886
112027.jpg,1628
112104.jpg,3882
112179.jpg,8868
112364.jpg,8854
112427.jpg,8850
112515.jpg,9152
112726.jpg,8875
112749.jpg,8932
112906.jpg,8854
112944.jpg,7228
112996.jpg,3854
112998.jpg,3745
113141.jpg,8850
113169.jpg,4887
113202.jpg,9152
113245.jpg,8882
113280.jpg,1634
113399.jpg,7261
113510.jpg,3853
113524.jpg,3847
113697.jpg,7222
113848.jpg,3847
114039.jpg,8850
114148.jpg,2820
114208.jpg,8891
114315.jpg,8887
114392.jpg,3895
114560.jpg,8896
114573.jpg,8968
114717.jpg,1660
114878.jpg,7222
114947.jpg,7260
115095.jpg,3745
115212.jpg,3845
115262.jpg,2820
115467.jpg,7271
115516.jpg,8856
115525.jpg,1672
115526.jpg,7271
115535.jpg,4262
115551.jpg,7261
115610.jpg,8875
115805.jpg,8875
115852.jpg,3941
115937.jpg,7256
116062.jpg,1672
116076.jpg,9152
116140.jpg,1700
116170.jpg,8898
116225.jpg,1628
116246.jpg,7302
116288.jpg,3858
116292.jpg,1757
116327.jpg,8875
116412.jpg,8898
116428.jpg,2820
116482.jpg,7256
116588.jpg,4262
116636.jpg,8879
116901.jpg,6568
116974.jpg,8968
117174.jpg,7302
117176.jpg,7294
117265.jpg,7271
117292.jpg,3846
117436.jpg,8868
117591.jpg,1660
117680.jpg,3845
117840.jpg,7261
117910.jpg,8932
117955.jpg,3853
117965.jpg,3882
118079.jpg,8858
118112.jpg,1700
118159.jpg,3847
118352.jpg,3886
118411.jpg,6568
118439.jpg,7256
118562.jpg,3858
118752.jpg,1634
118786.jpg,8898
118896.jpg,1628
119169.jpg,8891
119235.jpg,1578
119295.jpg,1580
119320.jpg,1648
119334.jpg,7294
119408.jpg,7256
119638.jpg,3853
119716.jpg,1648
119861.jpg,1672
119864.jpg,3846
119904.jpg,7271
119931.jpg,3853
120322.jpg,8850
120384.jpg,3847
120395.jpg,8879
120566.jpg,8968
120731.jpg,8856
120971.jpg,8887
120987.jpg,8850
121434.jpg,3895
121494.jpg,8858
121569.jpg,6568
121591.jpg,3941
121886.jpg,6568
121990.jpg,8868
122012.jpg,8898
122016.jpg,3745
122022.jpg,8896
122034.jpg,8887
122085.jpg,1581
122282.jpg,8867
122317.jpg,7222
122326.jpg,8887
122468.jpg,7302
122518.jpg,1628
122706.jpg,8898
122882.jpg,3882
122978.jpg,7222
123030.jpg,3846
123235.jpg,8896
123436.jpg,7261
123613.jpg,6568
123761.jpg,3845
123762.jpg,1580
123827.jpg,3941
123841.jpg,8850
123964.jpg,3941
124203.jpg,3853
124276.jpg,6568
124304.jpg,9152
124368.jpg,3886
124375.jpg,1646
124398.jpg,3886
124444.jpg,8879
124449.jpg,8850
124630.jpg,3858
124707.jpg,8896
124876.jpg,8896
124895.jpg,7302
124943.jpg,7260
124956.jpg,1672
124957.jpg,6568
125074.jpg,8882
125194.jpg,1639
125202.jpg,1648
125269.jpg,1646
125338.jpg,7265
125720.jpg,3699
125773.jpg,8856
126148.jpg,7271
126277.jpg,4262
126442.jpg,3847
126518.jpg,1634
126521.jpg,3882
126568.jpg,4262
126763.jpg,1581
126800.jpg,3845
126847.jpg,7260
127074.jpg,1585
127124.jpg,8968
127153.jpg,7261
127469.jpg,8933
127689.jpg,8856
127718.jpg,7271
127829.jpg,8854
127886.jpg,8856
127933.jpg,3886
128004.jpg,8868
128008.jpg,8887
128027.jpg,7260
128346.jpg,3745
128432.jpg,7265
128591.jpg,8896
128652.jpg,1646
128669.jpg,1639
128730.jpg,8882
128744.jpg,8867
128747.jpg,1648
128821.jpg,8875
128846.jpg,3941
128959.jpg,8856
129031.jpg,1585
129282.jpg,3847
129301.jpg,1634
129311.jpg,1757
129433.jpg,1628
129462.jpg,3858
129525.jpg,1757
129583.jpg,8850
129618.jpg,1646
129895.jpg,8868
129967.jpg,1660
130080.jpg,8858
130135.jpg,8882
130146.jpg,7271
130194.jpg,1639
130196.jpg,1648
130203.jpg,8932
130211.jpg,1578
130218.jpg,3745
130485.jpg,2820
130585.jpg,3886
130629.jpg,3853
130707.jpg,8868
130758.jpg,1585
130763.jpg,8879
130849.jpg,9152
130858.jpg,2820
130864.jpg,3895
130919.jpg,8856
131046.jpg,1628
131055.jpg,8875
131076.jpg,1628
131132.jpg,8858
131176.jpg,1672
131182.jpg,1580
131192.jpg,3858
131374.jpg,8856
131479.jpg,7265
131531.jpg,1646
131544.jpg,8882
131575.jpg,1585
131620.jpg,3699
131714.jpg,7256
131766.jpg,3858
131773.jpg,3853
131983.jpg,2820
132154.jpg,8882
132171.jpg,4887
132326.jpg,7256
132459.jpg,1585
132514.jpg,8875
132601.jpg,8875
132649.jpg,8875
132763.jpg,1580
132802.jpg,3941
132907.jpg,8858
132946.jpg,3895
132978.jpg,7228
133037.jpg,3854
133071.jpg,3846
133173.jpg,8891
133210.jpg,8933
133333.jpg,3853
133494.jpg,8860
133553.jpg,3882
133632.jpg,3846
133708.jpg,8898
133787.jpg,8854
133827.jpg,7265
133851.jpg,7294
133859.jpg,3699
133989.jpg,7260
134045.jpg,3895
134188.jpg,1628
134236.jpg,8968
134242.jpg,7256
134604.jpg,4262
134767.jpg,3941
134794.jpg,3853
134816.jpg,3853
135010.jpg,3853
135022.jpg,3895
135045.jpg,7228
135049.jpg,7260
135254.jpg,1628
135511.jpg,8896
135728.jpg,3854
135803.jpg,7286
136002.jpg,1648
136096.jpg,8860
136105.jpg,1581
136106.jpg,3886
136128.jpg,7256
136167.jpg,1574
136256.jpg,7294
136273.jpg,1634
136497.jpg,3699
136546.jpg,3858
136559.jpg,1628
136567.jpg,8932
136644.jpg,3845
136750.jpg,7260
136756.jpg,8860
136854.jpg,3882
137041.jpg,1672
137092.jpg,8858
137140.jpg,1580
137239.jpg,8887
137260.jpg,8856
137281.jpg,1686
137332.jpg,1672
137347.jpg,2820
137361.jpg,8932
137389.jpg,1639
137562.jpg,8879
137636.jpg,7260
137788.jpg,3882
137928.jpg,3854
138052.jpg,3845
138346.jpg,4262
138570.jpg,3886
138619.jpg,8868
138734.jpg,3846
138735.jpg,8933
138799.jpg,1639
138823.jpg,8891
138879.jpg,3882
138976.jpg,1700
138988.jpg,3882
139067.jpg,3745
139276.jpg,3846
139307.jpg,3845
139327.jpg,3846
139422.jpg,8968
139486.jpg,7286
139549.jpg,4887
139663.jpg,1660
139684.jpg,1585
139712.jpg,8854
140011.jpg,7271
140053.jpg,3941
140400.jpg,8932
140507.jpg,8854
140719.jpg,8882
140742.jpg,8968
140906.jpg,1639
140981.jpg,1574
141053.jpg,1757
141097.jpg,8868
141452.jpg,3886
141481.jpg,8858
141484.jpg,3853
141543.jpg,3699
141598.jpg,8898
141656.jpg,8882
141663.jpg,3699
141695.jpg,3858
141764.jpg,7286
141902.jpg,1634
142084.jpg,8854
142090.jpg,4887
142130.jpg,1639
142204.jpg,8933
142265.jpg,1648
142631.jpg,1700
142641.jpg,3745
142759.jpg,7256
142817.jpg,8932
142833.jpg,1757
142917.jpg,3846
142996.jpg,9152
143019.jpg,3941
143093.jpg,8867
143365.jpg,3941
143398.jpg,9152
143421.jpg,1648
143440.jpg,8882
143769.jpg,1578
143983.jpg,7261
143990.jpg,8882
144001.jpg,8867
144018.jpg,8854
144110.jpg,7260
144177.jpg,7286
144243.jpg,1639
144252.jpg,1646
144265.jpg,1581
144279.jpg,4262
144327.jpg,8898
144542.jpg,8850
144859.jpg,4887
144900.jpg,1700
144902.jpg,3853
144907.jpg,3854
144986.jpg,1574
145216.jpg,7228
145267.jpg,1585
145353.jpg,4887
145440.jpg,1646
145447.jpg,1700
145513.jpg,8867
145722.jpg,3745
145842.jpg,3886
145959.jpg,1686
146026.jpg,1634
146068.jpg,1686
146084.jpg,3699
146086.jpg,8867
146109.jpg,8898
146134.jpg,8879
146137.jpg,3941
146164.jpg,1686
146333.jpg,3745
146345.jpg,4887
146354.jpg,8856
146458.jpg,3886
146653.jpg,8875
146664.jpg,7271
146675.jpg,1628
147007.jpg,1700
147128.jpg,7286
147133.jpg,1628
147137.jpg,1585
147199.jpg,1660
147204.jpg,7302
147205.jpg,8891
147288.jpg,7286
147311.jpg,7260
147354.jpg,1628
147424.jpg,8858
147427.jpg,8868
147739.jpg,8854
147831.jpg,1660
147862.jpg,1585
148109.jpg,7271
148118.jpg,1578
148282.jpg,3858
148376.jpg,1646
148437.jpg,3858
148494.jpg,3745
148678.jpg,3846
148721.jpg,7265
149042.jpg,3745
149102.jpg,8896
149367.jpg,3845
149374.jpg,8858
149704.jpg,8887
149848.jpg,3858
149901.jpg,1757
150295.jpg,1660
150397.jpg,7302
150493.jpg,3886
150547.jpg,8898
150590.jpg,7261
150600.jpg,8867
150617.jpg,1639
150632.jpg,8932
150695.jpg,8868
150720.jpg,3853
150758.jpg,4887
150905.jpg,2820
150961.jpg,1646
151005.jpg,8896
151091.jpg,7271
151178.jpg,1639
151188.jpg,8896
151297.jpg,3847
151307.jpg,3845
151316.jpg,8887
151480.jpg,8882
151549.jpg,7261
151632.jpg,1700
151649.jpg,8879
151687.jpg,1700
151750.jpg,1628
151863.jpg,7222
151866.jpg,1660
152054.jpg,8898
152216.jpg,8933
152340.jpg,1660
152454.jpg,7294
152513.jpg,8854
152525.jpg,3854
152561.jpg,7271
152630.jpg,8933
152784.jpg,3895
152875.jpg,8879
152975.jpg,1581
153211.jpg,6568
153382.jpg,8850
153394.jpg,7228
153410.jpg,8891
153425.jpg,1578
153450.jpg,7294
153506.jpg,8854
153541.jpg,7222
153665.jpg,8856
153675.jpg,8854
153679.jpg,3854
153755.jpg,1574
153788.jpg,1646
153861.jpg,7286
153975.jpg,8882
154010.jpg,2820
154081.jpg,1686
154157.jpg,3882
154194.jpg,8860
154271.jpg,8898
154337.jpg,1660
154464.jpg,1700
154498.jpg,3882
154499.jpg,3895
154982.jpg,7265
155085.jpg,6568
155111.jpg,7302
155179.jpg,3895
155253.jpg,8879
155347.jpg,3895
155351.jpg,1634
155568.jpg,8896
155582.jpg,3854
155586.jpg,8932
155630.jpg,7261
155933.jpg,1648
156017.jpg,8854
156115.jpg,1634
156283.jpg,2820
156302.jpg,9152
156310.jpg,8879
156364.jpg,8968
156390.jpg,6568
156664.jpg,8850
156687.jpg,7286
156792.jpg,8850
156943.jpg,1628
156994.jpg,3846
157137.jpg,1585
157211.jpg,1574
157235.jpg,8860
157269.jpg,7265
157296.jpg,8891
157483.jpg,3882
157492.jpg,8933
157739.jpg,1757
157826.jpg,2820
157907.jpg,1581
157912.jpg,8882
158141.jpg,4262
158162.jpg,8887
158228.jpg,1660
158275.jpg,3846
158298.jpg,8856
158406.jpg,3847
158677.jpg,1581
158729.jpg,1639
158740.jpg,7302
158791.jpg,1639
158906.jpg,3847
158919.jpg,3847
158924.jpg,3699
158958.jpg,7256
159537.jpg,4887
159588.jpg,6568
159868.jpg,7286
159881.jpg,3846
159948.jpg,7222
159967.jpg,4262
159983.jpg,8968
160066.jpg,8854
160108.jpg,3854
160165.jpg,7228
160200.jpg,1660
160221.jpg,7261
160434.jpg,1757
160437.jpg,1585
160551.jpg,3854
160621.jpg,1646
160741.jpg,3941
160907.jpg,8932
160917.jpg,1686
160998.jpg,3845
161091.jpg,1574
161113.jpg,8898
161255.jpg,7286
161261.jpg,3895
161296.jpg,8879
161493.jpg,8867
161563.jpg,1672
162568.jpg,8887
162613.jpg,8879
162640.jpg,9152
162643.jpg,3699
162676.jpg,7222
162812.jpg,3901
162842.jpg,1664
162852.jpg,3857
162911.jpg,3782
162915.jpg,1673
162999.jpg,3782
163029.jpg,3782
163049.jpg,1651
163125.jpg,3901
163156.jpg,1675
163196.jpg,1582
163247.jpg,3901
163270.jpg,3901
163274.jpg,3864
163292.jpg,3227
163342.jpg,3227
163429.jpg,1689
163433.jpg,3227
163469.jpg,1673
163515.jpg,1641
163517.jpg,1664
163563.jpg,1582
163596.jpg,3859
163598.jpg,3864
163651.jpg,4740
163669.jpg,1641
163697.jpg,3859
163700.jpg,1641
163735.jpg,1689
163780.jpg,1651
163831.jpg,1675
163948.jpg,1664
163975.jpg,3864
163982.jpg,4740
164055.jpg,3227
164107.jpg,3859
164161.jpg,1689
164315.jpg,1641
164327.jpg,1673
164342.jpg,3901
164353.jpg,1651
164371.jpg,3857
164381.jpg,1664
164406.jpg,3857
164445.jpg,3857
164502.jpg,3227
164508.jpg,1651
164545.jpg,1675
164630.jpg,1708
164656.jpg,1673
164685.jpg,3859
164720.jpg,4740
164753.jpg,1673
164845.jpg,1689
164865.jpg,3227
164938.jpg,3901
164961.jpg,1675
164989.jpg,1708
165033.jpg,1651
165037.jpg,3782
165056.jpg,3864
165074.jpg,3859
165138.jpg,1708
165175.jpg,1675
165233.jpg,1708
165261.jpg,3857
165300.jpg,1708
165318.jpg,1708
165374.jpg,1664
165385.jpg,3901
165458.jpg,1673
165503.jpg,1641
165563.jpg,3901
165588.jpg,3857
165589.jpg,3859
165593.jpg,1641
165611.jpg,1689
165691.jpg,1651
165787.jpg,4740
165817.jpg,3859
165896.jpg,4740
165928.jpg,1664
165930.jpg,4740
165947.jpg,1708
165950.jpg,4740
166000.jpg,1641
166001.jpg,1651
166003.jpg,1708
166019.jpg,3857
166081.jpg,3859
166095.jpg,1641
166217.jpg,3901
166279.jpg,1664
166293.jpg,1664
166337.jpg,3859
166412.jpg,4740
166453.jpg,1673
166481.jpg,3227
166532.jpg,1689
166588.jpg,3901
166664.jpg,1641
166735.jpg,4740
166834.jpg,1641
166868.jpg,4740
166906.jpg,1582
167082.jpg,1651
167109.jpg,3857
167159.jpg,3864
167260.jpg,1673
167417.jpg,3857
167444.jpg,1641
167487.jpg,1664
167527.jpg,1582
167575.jpg,1708
167625.jpg,1675
167639.jpg,1708
167680.jpg,1641
167796.jpg,1651
167806.jpg,1689
167871.jpg,1582
167889.jpg,4740
167904.jpg,1708
167932.jpg,1673
167993.jpg,3901
168003.jpg,3859
168061.jpg,1664
168147.jpg,4740
168158.jpg,1689
168160.jpg,3227
168172.jpg,1708
168188.jpg,1675
168198.jpg,3864
168317.jpg,1582
168357.jpg,3859
168380.jpg,1651
168682.jpg,3782
168696.jpg,1673
168808.jpg,1664
168858.jpg,1664
168890.jpg,1582
168897.jpg,3782
169007.jpg,3782
169090.jpg,4740
169104.jpg,3864
169143.jpg,1641
169146.jpg,1675
169200.jpg,3864
169212.jpg,1675
169224.jpg,1708
169300.jpg,1708
169323.jpg,4740
169332.jpg,3227
169376.jpg,3782
169391.jpg,1673
169492.jpg,3857
169564.jpg,3901
169594.jpg,1689
169687.jpg,1641
169714.jpg,1673
169736.jpg,1664
169822.jpg,1689
169857.jpg,1651
169863.jpg,1582
169940.jpg,4740
169990.jpg,3901
170001.jpg,3227
170006.jpg,1664
170034.jpg,1664
170041.jpg,3857
170131.jpg,1651
170261.jpg,3227
170393.jpg,1664
170404.jpg,3782
170423.jpg,1664
170446.jpg,1708
170479.jpg,3782
170504.jpg,1582
170557.jpg,1673
170647.jpg,1664
170649.jpg,1664
170670.jpg,1664
170771.jpg,3227
170793.jpg,3859
170796.jpg,1641
170800.jpg,1689
170847.jpg,1664
170867.jpg,3864
170956.jpg,1651
171030.jpg,1641
171227.jpg,3864
171250.jpg,3864
171328.jpg,1675
171359.jpg,3857
171381.jpg,1641
171394.jpg,1689
171425.jpg,1673
171495.jpg,1582
171582.jpg,1689
171636.jpg,3859
171649.jpg,1651
171845.jpg,4740
171864.jpg,3227
171893.jpg,3864
171965.jpg,1651
172035.jpg,1675
172066.jpg,3227
172101.jpg,1664
172126.jpg,3901
172142.jpg,1641
172201.jpg,1675
172275.jpg,1582
172370.jpg,1675
172408.jpg,1675
172453.jpg,1582
172586.jpg,1689
172613.jpg,3227
172626.jpg,3227
172633.jpg,1673
172650.jpg,1708
172659.jpg,4740
172691.jpg,1651
172732.jpg,4740
172774.jpg,1675
172800.jpg,1673
172802.jpg,1708
172894.jpg,1641
172935.jpg,3227
172992.jpg,3227
173006.jpg,3782
173054.jpg,3782
173077.jpg,3782
173104.jpg,3901
173171.jpg,3859
173173.jpg,3857
173174.jpg,1708
173218.jpg,3782
173228.jpg,3227
173337.jpg,3857
173353.jpg,1641
173357.jpg,1641
173362.jpg,1708
173649.jpg,1689
173664.jpg,1689
173719.jpg,1708
173756.jpg,1689
173764.jpg,1673
173807.jpg,1651
173826.jpg,4740
173830.jpg,1708
173890.jpg,1689
173992.jpg,1651
173996.jpg,3782
174009.jpg,3782
174035.jpg,3901
174037.jpg,1673
174125.jpg,3859
174216.jpg,4740
174220.jpg,3857
174268.jpg,1675
174430.jpg,3857
174454.jpg,1641
174502.jpg,3857
174573.jpg,1582
174586.jpg,1675
174627.jpg,3864
174693.jpg,3859
174713.jpg,3864
174729.jpg,1675
174737.jpg,3857
174955.jpg,3857
174981.jpg,1582
175034.jpg,1651
175051.jpg,1641
175151.jpg,3859
175186.jpg,1689
175204.jpg,1582
175220.jpg,3901
175296.jpg,3864
175312.jpg,4740
175317.jpg,3859
175325.jpg,3857
175330.jpg,1673
175401.jpg,1689
175465.jpg,3857
175477.jpg,1664
175532.jpg,3782
175538.jpg,3859
175541.jpg,3782
175549.jpg,3901
175760.jpg,3782
175804.jpg,1582
175889.jpg,3859
175902.jpg,1675
175993.jpg,1651
176072.jpg,1675
176090.jpg,3901
176116.jpg,1675
176162.jpg,1651
176178.jpg,1673
176204.jpg,3901
176222.jpg,1582
176265.jpg,1641
176280.jpg,1673
176315.jpg,3864
176358.jpg,1689
176367.jpg,3864
176375.jpg,3901
176403.jpg,1664
176466.jpg,3227
176555.jpg,3901
176567.jpg,1708
176588.jpg,3227
176694.jpg,3859
176721.jpg,1582
176733.jpg,3227
176752.jpg,1651
176776.jpg,1641
176801.jpg,1673
176864.jpg,3782
176916.jpg,1582
177063.jpg,3859
177069.jpg,1675
177073.jpg,1651
177091.jpg,3782
177160.jpg,3901
177255.jpg,1664
177420.jpg,1651
177431.jpg,4740
177434.jpg,3859
177467.jpg,3901
177510.jpg,1675
177512.jpg,3227
177615.jpg,1582
177636.jpg,1673
177645.jpg,3859
177777.jpg,1673
177816.jpg,3864
177867.jpg,1673
177972.jpg,3857
177978.jpg,3901
177992.jpg,3227
178019.jpg,3782
178047.jpg,3857
178057.jpg,3901
178103.jpg,3782
178115.jpg,3864
178134.jpg,3864
178190.jpg,1582
178195.jpg,1664
178232.jpg,1675
178287.jpg,1708
178292.jpg,3227
178326.jpg,3227
178352.jpg,4740
178377.jpg,3859
178416.jpg,3227
178460.jpg,1689
178462.jpg,1582
178479.jpg,3901
178528.jpg,3782
178534.jpg,1673
178574.jpg,3782
178674.jpg,3857
178685.jpg,1689
178726.jpg,3782
178746.jpg,1689
178787.jpg,3864
178808.jpg,4740
178820.jpg,3227
178900.jpg,3227
178977.jpg,1673
179022.jpg,4740
179040.jpg,3227
179043.jpg,3857
179045.jpg,4740
179101.jpg,1582
179121.jpg,1641
179137.jpg,3227
179170.jpg,3227
179206.jpg,3859
179229.jpg,3857
179284.jpg,1675
179286.jpg,3782
179289.jpg,1664
179297.jpg,3901
179300.jpg,1708
179347.jpg,1582
179353.jpg,3864
179387.jpg,1641
179391.jpg,3227
179415.jpg,1675
179422.jpg,3859
179425.jpg,1664
179434.jpg,1708
179475.jpg,1641
179488.jpg,1651
179538.jpg,3864
179560.jpg,3857
179643.jpg,3857
179667.jpg,4740
179705.jpg,1582
179758.jpg,1708
179824.jpg,1673
180045.jpg,1651
180169.jpg,1582
180221.jpg,3864
180343.jpg,3782
180396.jpg,1582
180451.jpg,3864
180478.jpg,3782
180481.jpg,3782
180485.jpg,1673
180553.jpg,1708
180567.jpg,1664
180668.jpg,1675
180760.jpg,1651
180764.jpg,1675
180837.jpg,3227
180853.jpg,3782
180855.jpg,3859
180890.jpg,3782
180923.jpg,1641
180999.jpg,3864
181010.jpg,1582
181034.jpg,3901
181082.jpg,3864
181104.jpg,3857
181147.jpg,1689
181220.jpg,3864
181300.jpg,3782
181330.jpg,1582
181336.jpg,3859
181487.jpg,1675
181566.jpg,4740
181585.jpg,1673
181591.jpg,3857
181655.jpg,1708
181763.jpg,1651
181764.jpg,1689
181807.jpg,1582
181836.jpg,3227
181843.jpg,1689
181869.jpg,1708
181987.jpg,3859
181998.jpg,1708
182010.jpg,3864
182032.jpg,3901
182104.jpg,1641
182155.jpg,3782
182167.jpg,1651
182190.jpg,4740
182228.jpg,1664
182314.jpg,4740
182320.jpg,1651
182371.jpg,3782
182415.jpg,3864
182467.jpg,1689
182473.jpg,4740
182558.jpg,1675
182623.jpg,1689
182628.jpg,1689
182656.jpg,5774
182695.jpg,8880
182699.jpg,8880
182902.jpg,8880
182907.jpg,4978
182984.jpg,8861
182993.jpg,8861
182996.jpg,9256
183020.jpg,4978
183047.jpg,4978
183174.jpg,4978
183226.jpg,4978
183495.jpg,9256
183522.jpg,9256
183557.jpg,4978
183710.jpg,9256
183769.jpg,9256
183867.jpg,4978
184222.jpg,8853
184315.jpg,9256
184600.jpg,8861
184608.jpg,5774
184742.jpg,8861
184767.jpg,9256
184768.jpg,5774
184786.jpg,4978
184800.jpg,5774
184828.jpg,8853
184924.jpg,8853
185053.jpg,4978
185106.jpg,4978
185111.jpg,4978
185373.jpg,4978
185489.jpg,9256
185725.jpg,8861
185787.jpg,8880
185906.jpg,9256
186581.jpg,8853
186708.jpg,8880
186732.jpg,8861
186739.jpg,5774
186842.jpg,9256
187105.jpg,4978
187265.jpg,4978
187325.jpg,5774
187365.jpg,8880
187389.jpg,5774
187483.jpg,8853
187551.jpg,4978
187597.jpg,8880
187699.jpg,8861
187916.jpg,5774
188054.jpg,9256
188214.jpg,4978
188865.jpg,8880
189050.jpg,8853
189228.jpg,8853
189323.jpg,8853
189349.jpg,8861
189505.jpg,8880
189569.jpg,8861
189667.jpg,9256
189771.jpg,5774
189807.jpg,8853
189891.jpg,8880
190129.jpg,8861
190304.jpg,4978
190306.jpg,8880
190323.jpg,8880
190371.jpg,9256
190441.jpg,8853
190476.jpg,9256
190479.jpg,8853
190679.jpg,8880
191232.jpg,9256
191373.jpg,8861
191385.jpg,8880
191573.jpg,8853
191730.jpg,9256
191907.jpg,8853
192343.jpg,8861
192481.jpg,8853
192672.jpg,8880
192827.jpg,9256
192953.jpg,8853
192971.jpg,5774
192973.jpg,8861
193153.jpg,5774
193162.jpg,8853
193175.jpg,8861
193242.jpg,8861
193296.jpg,4978
193422.jpg,5774
193589.jpg,8861
193593.jpg,4978
193663.jpg,4978
193720.jpg,8861
193742.jpg,4978
193764.jpg,4978
193823.jpg,8880
193836.jpg,5774
193896.jpg,8880
193932.jpg,8861
193945.jpg,9256
193953.jpg,8880
193971.jpg,5774
194169.jpg,8880
194247.jpg,8853
194287.jpg,4978
194294.jpg,8861
194307.jpg,9256
194350.jpg,8880
194494.jpg,8880
194650.jpg,8880
194866.jpg,5774
194890.jpg,8880
194952.jpg,9256
195000.jpg,8880
195012.jpg,5774
195350.jpg,8853
195547.jpg,8861
196013.jpg,5774
196130.jpg,8853
196329.jpg,9256
196404.jpg,5774
196427.jpg,8861
196835.jpg,8861
196836.jpg,4978
196956.jpg,9256
196957.jpg,8880
197102.jpg,8853
197140.jpg,8853
197216.jpg,8861
197254.jpg,9256
197301.jpg,8861
197522.jpg,4978
197600.jpg,5774
197700.jpg,9256
197768.jpg,9256
197791.jpg,8853
197896.jpg,5774
197897.jpg,8853
197900.jpg,8880
197919.jpg,8853
198105.jpg,5774
198250.jpg,8861
198289.jpg,9256
198401.jpg,9256
198577.jpg,8861
198610.jpg,4978
198747.jpg,4978
198978.jpg,8861
199226.jpg,5774
199288.jpg,5774
199338.jpg,5774
199348.jpg,8880
199399.jpg,5774
199439.jpg,4978
199491.jpg,5774
199697.jpg,8880
199815.jpg,4978
199881.jpg,8853
199890.jpg,4978
199970.jpg,8880
200206.jpg,5774
200284.jpg,5774
200286.jpg,8880
200306.jpg,9256
200678.jpg,9256
200823.jpg,8853
200853.jpg,9256
200932.jpg,8861
201226.jpg,8861
201388.jpg,5774
201493.jpg,8853
201570.jpg,8861
201593.jpg,8853
201865.jpg,9256
201873.jpg,9256
201945.jpg,5774
202017.jpg,4978
202194.jpg,8853
202315.jpg,8853
